,0
0,KG00010585
1,KG00010588
2,KG00010618
3,KG00010628
4,KG00010629
5,KG00010630
6,KG00010661
7,KG00010664
8,KG00010673
9,KG00010678
10,KG00010697
11,KG00010716
12,KG00010752
13,KG00010754
14,KG00010762
15,KG00010771
16,KG00010797
17,KG00010820
18,KG00010834
19,KG00010876
20,KG00010877
21,KG00010888
22,KG00010900
23,KG00010906
24,KG00010929
25,KG00010936
26,KG00010942
27,KG00010944
28,KG00010946
29,KG00010958
30,KG00010960
31,KG00010970
32,KG00010972
33,KG00010975
34,KG00010977
35,KG00010979
36,KG00010981
37,KG00010994
38,KG00011002
39,KG00011009
40,KG00011010
41,KG00011026
42,KG00011036
43,KG00011045
44,KG00011060
45,KG00011068
46,KG00020391
47,KG00020401
48,KG00020402
49,KG00020403
50,KG00020443
51,KG00020449
52,KG00020473
53,KG00020506
54,KG00020516
55,KG00020533
56,KG00020545
57,KG00020547
58,KG00020548
59,KG00020552
60,KG00020605
61,KG00020610
62,KG00020621
63,KG00020624
64,KG00020626
65,KG00020632
66,KG00020639
67,KG00020643
68,KG00020657
69,KG00020665
70,KG00020669
71,KG00020676
72,KG00020685
73,KG00020691
74,KG00020711
75,KG00020726
76,KG00020729
77,KG00020733
78,KG00020738
79,KG00020741
80,KG00020759
81,KG00020763
82,KG00020776
83,KG00020788
84,KG00020825
85,KG00020831
86,KG00023386
87,KG00023388
88,KG00023391
89,KG00023398
90,KG00023400
91,KG00023403
92,KG00023410
93,KG00023432
94,KG00023437
95,KG00023463
96,KG00023465
97,KG00023466
98,KG00023498
99,KG00023507
100,KG00023510
101,KG00023521
102,KG00023536
103,KG00023543
104,KG00023548
105,KG00023552
106,KG00023565
107,KG00023571
108,KG00023584
109,KG00023585
110,KG00023587
111,KG00023588
112,KG00023596
113,KG00023601
114,KG00023639
115,KG00023642
116,KG00023669
117,KG00023683
118,KG00023707
119,KG00023720
120,KG00023733
121,KG00023734
122,KG00023738
123,KG00023771
124,KG00023775
125,KG00023804
126,KG00023805
127,KG00023850
128,KG00023852
129,KG00023856
130,KG00023862
131,KG00014081
132,KG00014088
133,KG00012831
134,KG00012833
135,KG00021751
136,KG00021752
137,KG00015945
138,KG00017348
139,KG00022406
140,KG00022407
141,KG00022408
142,KG00022409
143,KG00022410
144,KG00022411
145,KG00022412
146,KG00022413
147,KG00022414
148,KG00022415
149,KG00022416
150,KG00022417
151,KG00022418
152,KG00022419
153,KG00022420
154,KG00022421
155,KG00022422
156,KG00022423
157,KG00022424
158,KG00022425
159,KG00022426
160,KG00022427
161,KG00022428
162,KG00022430
163,KG00022431
164,KG00022492
165,KG00020001
166,KG00020321
167,KG00020323
168,KG00020326
169,KG00020331
170,KG00011080
171,KG00011090
172,KG00011111
173,KG00011324
174,KG00011384
175,KG00011443
176,KG00011444
177,KG00011445
178,KG00011449
179,KG00011475
180,KG00011481
181,KG00011484
182,KG00011491
183,KG00011494
184,KG00011505
185,KG00015571
186,KG00018391
187,KG00013402
188,KG00013467
189,KG00013472
190,KG00013499
191,KG00013515
192,KG00013527
193,KG00013530
194,KG00013531
195,KG00013533
196,KG00013534
197,KG00013535
198,KG00013537
199,KG00013538
200,KG00013539
201,KG00013540
202,KG00013541
203,KG00013542
204,KG00013543
205,KG00013544
206,KG00013545
207,KG00013546
208,KG00013550
209,KG00013551
210,KG00013552
211,KG00013555
212,KG00013556
213,KG00013558
214,KG00013559
215,KG00013560
216,KG00013561
217,KG00013562
218,KG00013563
219,KG00013564
220,KG00013566
221,KG00013571
222,KG00013572
223,KG00013574
224,KG00013575
225,KG00018889
226,KG00018893
227,KG00018895
228,KG00018896
229,KG00018898
230,KG00018903
231,KG00018904
232,KG00018906
233,KG00018907
234,KG00018909
235,KG00018911
236,KG00018914
237,KG00018916
238,KG00018921
239,KG00018922
240,KG00018982
241,KG00018985
242,KG00018986
243,KG00018989
244,KG00018992
245,KG00018997
246,KG00019008
247,KG00019010
248,KG00019015
249,KG00019018
250,KG00019073
251,KG00019082
252,KG00019093
253,KG00019103
254,KG00019113
255,KG00019134
256,KG00019135
257,KG00019136
258,KG00019137
259,KG00019138
260,KG00019139
261,KG00019140
262,KG00019141
263,KG00019142
264,KG00019155
265,KG00019219
266,KG00019221
267,KG00019222
268,KG00019223
269,KG00019225
270,KG00019232
271,KG00019233
272,KG00019254
273,KG00017641
274,KG00017642
275,KG00017676
276,KG00017709
277,KG00017824
278,KG00017841
279,KG00021915
280,KG00021929
281,KG00021931
282,KG00021984
283,KG00022020
284,KG00022021
285,KG00022023
286,KG00022024
287,KG00022025
288,KG00022027
289,KG00022030
290,KG00013583
291,KG00013706
292,KG00013712
293,KG00013799
294,KG00013896
295,KG00024507
296,KG00024508
297,KG00024516
298,KG00024562
299,KG00024568
300,KG00024587
301,KG00024602
302,KG00024611
303,KG00024612
304,KG00024613
305,KG00024627
306,KG00024657
307,KG00024679
308,KG00024698
309,KG00024708
310,KG00024753
311,KG00024762
312,KG00024802
313,KG00024829
314,KG00024851
315,KG00014612
316,KG00014679
317,KG00014744
318,KG00014746
319,KG00014749
320,KG00014761
321,KG00014797
322,KG00014814
323,KG00014825
324,KG00014826
325,KG00014882
326,KG00011598
327,KG00011600
328,KG00012008
329,KG00019437
330,KG00019440
331,KG00019466
332,KG00016580
333,KG00016685
