,nct_id,pair,positive_example
0,NCT00038467,"('KG00133864', 'KG00133863')",KG00133864
1,NCT00038103,"('KG00134031', 'KG00134032')",KG00134031
2,NCT00033657,"('KG00134084', 'KG00134083')",KG00134083
3,NCT02300987,"('placebo', 'KG00180693')",KG00180693
4,NCT02302807,"('KG00180752', 'KG00180751')",KG00180751
5,NCT02302339,"('KG00180875', 'KG00180874')",KG00180874
6,NCT02302339,"('KG00180875', 'KG00180876')",KG00180876
7,NCT02302339,"('KG00180874', 'KG00180876')",KG00180874
8,NCT01271725,"('KG00252089', 'KG00252093')",KG00252093
9,NCT01270321,"('KG00252287', 'KG00252288')",KG00252287
10,NCT01270321,"('KG00252287', 'KG00252289')",KG00252287
11,NCT01270321,"('KG00252288', 'KG00252289')",KG00252289
12,NCT01271712,"('placebo', 'KG00252315')",KG00252315
13,NCT00788957,"('KG00236607', 'KG00236608')",KG00236608
14,NCT00785785,"('KG00237010', 'KG00237009')",KG00237010
15,NCT00789581,"('KG00237050', 'KG00237049')",KG00237050
16,NCT02374099,"('KG00311940', 'KG00311941')",KG00311940
17,NCT01200355,"('KG00134807', 'KG00134806')",KG00134806
18,NCT01204697,"('KG00135044', 'KG00135045')",KG00135045
19,NCT00046930,"('KG00253436', 'placebo')",placebo
20,NCT00045162,"('KG00253657', 'KG00253656')",KG00253656
21,NCT00045032,"('placebo', 'KG00253820')",placebo
22,NCT00765245,"('KG00176214', 'KG00176213')",KG00176214
23,NCT00769067,"('KG00176494', 'KG00176493')",KG00176494
24,NCT00769600,"('KG00176544', 'KG00176545')",KG00176544
25,NCT00768300,"('placebo', 'KG00176582')",placebo
26,NCT00767520,"('KG00176639', 'KG00176638')",KG00176639
27,NCT02395172,"('KG00153386', 'KG00153385')",KG00153385
28,NCT02450331,"('placebo', 'KG00131427')",KG00131427
29,NCT02451943,"('KG00131441', 'KG00131442')",KG00131441
30,NCT02450539,"('KG00131689', 'KG00131688')",KG00131689
31,NCT01832259,"('placebo', 'KG00159724')",KG00159724
32,NCT01836029,"('KG00159858', 'KG00159859')",KG00159858
33,NCT01524978,"('KG00318709', 'KG00318706')",KG00318706
34,NCT01527487,"('KG00318800', 'KG00318799')",KG00318800
35,NCT01524783,"('placebo', 'KG00318815')",KG00318815
36,NCT01523587,"('KG00318866', 'KG00318867')",KG00318866
37,NCT01522443,"('KG00318956', 'KG00318955')",KG00318955
38,NCT02422615,"('KG00255853', 'KG00255854')",KG00255853
39,NCT02426125,"('KG00255858', 'KG00255859')",KG00255858
40,NCT02429427,"('placebo', 'KG00255904')",KG00255904
41,NCT02420821,"('KG00255923', 'KG00255924')",KG00255923
42,NCT01845792,"('KG00226247', 'KG00226246')",KG00226246
43,NCT01846611,"('KG00226275', 'KG00226274')",KG00226274
44,NCT01847274,"('placebo', 'KG00226339')",KG00226339
45,NCT01843374,"('placebo', 'KG00226376')",KG00226376
46,NCT01553188,"('KG00174307', 'KG00174308')",KG00174307
47,NCT00718549,"('placebo', 'KG00316202')",placebo
48,NCT00719264,"('KG00316218', 'KG00316217')",KG00316218
49,NCT00715208,"('KG00316559', 'KG00316560')",KG00316559
50,NCT00382720,"('KG00188951', 'KG00188949')",KG00188951
51,NCT00382720,"('KG00188951', 'KG00188950')",KG00188950
52,NCT00382720,"('KG00188949', 'KG00188950')",KG00188950
53,NCT00380588,"('KG00189161', 'KG00189160')",KG00189160
54,NCT00385827,"('KG00189165', 'KG00189167')",KG00189165
55,NCT01605396,"('KG00292999', 'KG00293000')",KG00293000
56,NCT01602510,"('KG00293006', 'placebo')",KG00293006
57,NCT01605227,"('KG00293044', 'KG00293045')",KG00293044
58,NCT01607957,"('KG00293262', 'placebo')",KG00293262
59,NCT01602380,"('KG00293297', 'KG00293296')",KG00293296
60,NCT00951665,"('KG00274742', 'KG00274741')",KG00274742
61,NCT00958776,"('placebo', 'KG00275218')",KG00275218
62,NCT00448136,"('KG00221055', 'KG00221054')",KG00221055
63,NCT00449033,"('KG00221231', 'KG00221230')",KG00221231
64,NCT00447057,"('KG00221415', 'KG00221416')",KG00221416
65,NCT00929162,"('KG00139501', 'KG00139500')",KG00139501
66,NCT00928018,"('KG00139841', 'KG00139840')",KG00139840
67,NCT00434252,"('KG00291257', 'KG00291258')",KG00291258
68,NCT00438100,"('KG00291266', 'KG00291265')",KG00291266
69,NCT00430781,"('KG00291320', 'KG00291319')",KG00291319
70,NCT00430781,"('KG00291317', 'KG00291319')",KG00291319
71,NCT00432458,"('KG00291370', 'KG00291369')",KG00291369
72,NCT00437268,"('KG00291456', 'KG00291457')",KG00291456
73,NCT00437294,"('KG00291517', 'KG00291516')",KG00291517
74,NCT00434642,"('KG00291635', 'KG00291636')",KG00291635
75,NCT00435409,"('KG00291687', 'KG00291686')",KG00291687
76,NCT01671332,"('KG00219707', 'KG00219708')",KG00219707
77,NCT02701634,"('placebo', 'KG00245097')",KG00245097
78,NCT01151215,"('placebo', 'KG00247231')",placebo
79,NCT01152437,"('KG00247393', 'KG00247392')",KG00247393
80,NCT01151852,"('placebo', 'KG00247624')",KG00247624
81,NCT00312845,"('KG00162414', 'KG00162413')",KG00162413
82,NCT00317642,"('KG00162852', 'KG00162851')",KG00162851
83,NCT01695135,"('KG00265016', 'KG00265015')",KG00265015
84,NCT01691898,"('KG00265342', 'KG00265343')",KG00265343
85,NCT01691898,"('KG00265342', 'KG00265340')",KG00265340
86,NCT01691898,"('KG00265343', 'KG00265340')",KG00265343
87,NCT01693068,"('KG00265464', 'KG00265463')",KG00265463
88,NCT00363415,"('KG00248965', 'KG00248964')",KG00248965
89,NCT00364611,"('KG00249003', 'KG00249004')",KG00249004
90,NCT00360685,"('KG00249238', 'KG00249239')",KG00249239
91,NCT00364351,"('KG00249330', 'KG00249329')",KG00249330
92,NCT02790788,"('placebo', 'KG00324695')",placebo
93,NCT01125566,"('KG00163841', 'KG00163840')",KG00163840
94,NCT01124786,"('KG00163903', 'KG00163904')",KG00163904
95,NCT01120184,"('KG00163987', 'KG00163986')",KG00163986
96,NCT01121393,"('KG00164058', 'KG00164059')",KG00164058
97,NCT01121406,"('KG00164088', 'KG00164089')",KG00164089
98,NCT02053610,"('KG00293743', 'KG00293742')",KG00293742
99,NCT02059213,"('KG00293921', 'KG00293920')",KG00293921
100,NCT02054338,"('KG00294035', 'KG00294036')",KG00294036
101,NCT02685826,"('KG00288926', 'KG00288928')",KG00288928
102,NCT00274456,"('KG00257169', 'KG00257166')",KG00257166
103,NCT00270634,"('KG00257218', 'KG00257221')",KG00257218
104,NCT00274469,"('KG00257506', 'KG00257507')",KG00257506
105,NCT00278889,"('KG00257581', 'KG00257579')",KG00257581
106,NCT02144012,"('KG00307368', 'KG00307367')",KG00307367
107,NCT02149108,"('placebo', 'KG00307499')",KG00307499
108,NCT02145182,"('KG00307547', 'placebo')",KG00307547
109,NCT02141451,"('KG00307630', 'KG00307626')",KG00307630
110,NCT01032070,"('KG00128951', 'KG00128950')",KG00128951
111,NCT01030783,"('KG00129085', 'KG00129086')",KG00129085
112,NCT02134015,"('KG00184840', 'KG00184841')",KG00184840
113,NCT02137837,"('KG00184845', 'KG00184844')",KG00184844
114,NCT02130557,"('KG00184923', 'KG00184924')",KG00184924
115,NCT01040871,"('KG00258516', 'KG00258517')",KG00258517
116,NCT01041781,"('KG00258587', 'KG00258588')",KG00258588
117,NCT01040780,"('KG00258855', 'KG00258854')",KG00258854
118,NCT01040832,"('KG00258977', 'KG00258976')",KG00258977
119,NCT01786603,"('placebo', 'KG00228402')",KG00228402
120,NCT00206518,"('KG00130026', 'KG00130027')",KG00130026
121,NCT00203931,"('KG00130116', 'KG00130115')",KG00130116
122,NCT00524303,"('KG00310290', 'KG00310289')",KG00310289
123,NCT00524303,"('KG00310290', 'KG00310291')",KG00310290
124,NCT00524303,"('KG00310289', 'KG00310291')",KG00310289
125,NCT00525512,"('placebo', 'KG00310357')",KG00310357
126,NCT00520013,"('KG00310452', 'KG00310451')",KG00310452
127,NCT00527735,"('KG00310593', 'KG00310591')",KG00310591
128,NCT00520676,"('KG00310815', 'KG00310814')",KG00310814
129,NCT02613507,"('KG00260889', 'KG00260890')",KG00260889
130,NCT02610777,"('KG00260920', 'KG00260921')",KG00260921
131,NCT02614560,"('KG00260949', 'KG00260950')",KG00260950
132,NCT02610140,"('KG00260967', 'KG00260968')",KG00260968
133,NCT01765582,"('KG00184044', 'KG00184042')",KG00184042
134,NCT01761266,"('KG00184317', 'KG00184316')",KG00184316
135,NCT01769391,"('KG00184357', 'KG00184358')",KG00184357
136,NCT01769196,"('placebo', 'KG00184492')",placebo
137,NCT02664181,"('KG00126940', 'KG00126939')",KG00126939
138,NCT01716715,"('KG00307970', 'KG00307971')",KG00307971
139,NCT00294762,"('KG00202301', 'KG00202300')",KG00202300
140,NCT00294684,"('placebo', 'KG00202582')",placebo
141,NCT00556933,"('KG00182271', 'KG00182273')",KG00182273
142,NCT00556933,"('KG00182271', 'KG00182272')",KG00182272
143,NCT00556933,"('KG00182274', 'KG00182273')",KG00182273
144,NCT00556933,"('KG00182274', 'KG00182272')",KG00182272
145,NCT00556933,"('KG00182273', 'KG00182272')",KG00182273
146,NCT00551642,"('placebo', 'KG00182389')",placebo
147,NCT00554229,"('KG00182462', 'placebo')",KG00182462
148,NCT00556439,"('KG00182780', 'placebo')",placebo
149,NCT00556712,"('placebo', 'KG00182804')",placebo
150,NCT00558103,"('KG00182821', 'KG00182820')",KG00182821
151,NCT00550173,"('KG00182926', 'KG00182927')",KG00182927
152,NCT00550173,"('KG00182926', 'KG00182925')",KG00182925
153,NCT00550173,"('KG00182927', 'KG00182925')",KG00182925
154,NCT00844649,"('KG00232739', 'KG00232738')",KG00232738
155,NCT01446809,"('placebo', 'KG00216055')",KG00216055
156,NCT02539225,"('KG00237752', 'KG00237753')",KG00237753
157,NCT01955837,"('placebo', 'KG00267080')",KG00267080
158,NCT01951157,"('KG00267102', 'KG00267104')",KG00267102
159,NCT01951157,"('KG00267102', 'KG00267103')",KG00267102
160,NCT01951157,"('KG00267104', 'KG00267103')",KG00267104
161,NCT01953003,"('KG00267383', 'KG00267382')",KG00267383
162,NCT01381874,"('KG00194962', 'KG00194961')",KG00194962
163,NCT01381874,"('KG00194962', 'KG00194960')",KG00194962
164,NCT01381874,"('KG00194961', 'KG00194960')",KG00194960
165,NCT01385748,"('placebo', 'KG00194981')",KG00194981
166,NCT01386632,"('placebo', 'KG00195227')",placebo
167,NCT00609622,"('KG00299227', 'KG00299228')",KG00299228
168,NCT00600821,"('KG00299637', 'KG00299636')",KG00299636
169,NCT00609804,"('KG00299806', 'KG00299807')",KG00299806
170,NCT02281084,"('KG00138145', 'KG00138146')",KG00138146
171,NCT02286921,"('KG00138262', 'KG00138261')",KG00138262
172,NCT02289898,"('placebo', 'KG00138491')",KG00138491
173,NCT00678392,"('KG00213657', 'KG00213658')",KG00213657
174,NCT00678535,"('KG00213747', 'KG00213746')",KG00213747
175,NCT00679341,"('KG00213909', 'KG00213908')",KG00213908
176,NCT00676663,"('KG00213976', 'KG00213975')",KG00213975
177,NCT00674973,"('placebo', 'KG00214038')",KG00214038
178,NCT00676650,"('KG00214166', 'KG00214165')",KG00214165
179,NCT00673049,"('KG00214283', 'KG00214282')",KG00214282
180,NCT01432600,"('KG00297157', 'KG00297156')",KG00297157
181,NCT02854631,"('KG00328263', 'KG00328262')",KG00328263
182,NCT02546986,"('KG00172687', 'KG00172688')",KG00172688
183,NCT02545075,"('KG00172724', 'KG00172725')",KG00172725
184,NCT02545504,"('KG00172825', 'KG00172824')",KG00172824
185,NCT01927419,"('KG00145504', 'KG00145505')",KG00145504
186,NCT01928290,"('KG00145882', 'KG00145883')",KG00145883
187,NCT01924533,"('KG00145999', 'KG00146000')",KG00145999
188,NCT01310855,"('KG00168864', 'KG00168865')",KG00168864
189,NCT01311687,"('KG00168993', 'KG00168994')",KG00168993
190,NCT01313663,"('KG00169007', 'KG00169008')",KG00169007
191,NCT01318902,"('KG00169292', 'KG00169294')",KG00169294
192,NCT02264574,"('KG00304408', 'KG00304409')",KG00304408
193,NCT00699374,"('KG00271336', 'KG00271337')",KG00271337
194,NCT00692770,"('placebo', 'KG00271352')",KG00271352
195,NCT00696072,"('KG00271379', 'KG00271380')",KG00271379
196,NCT03026166,"('KG00210819', 'KG00210820')",KG00210819
197,NCT03023423,"('KG00210973', 'KG00210974')",KG00210973
198,NCT00154375,"('KG00240636', 'KG00240637')",KG00240637
199,NCT00156065,"('KG00240689', 'KG00240690')",KG00240689
200,NCT00153803,"('placebo', 'KG00240906')",placebo
201,NCT00150462,"('KG00241026', 'KG00241016')",KG00241016
202,NCT00154102,"('KG00241059', 'KG00241060')",KG00241059
203,NCT00127205,"('KG00170358', 'KG00170360')",KG00170358
204,NCT00127205,"('KG00170360', 'KG00170359')",KG00170359
205,NCT00126191,"('KG00170417', 'KG00170416')",KG00170416
206,NCT00127933,"('KG00170444', 'KG00170445')",KG00170445
207,NCT00129389,"('KG00170543', 'KG00170544')",KG00170543
208,NCT00128102,"('placebo', 'KG00170570')",KG00170570
209,NCT00129935,"('KG00170788', 'KG00170787')",KG00170788
210,NCT00121992,"('KG00170813', 'KG00170812')",KG00170812
211,NCT00126581,"('KG00170971', 'KG00170972')",KG00170972
212,NCT01362296,"('KG00241915', 'KG00241916')",KG00241915
213,NCT02215096,"('KG00209919', 'KG00209921')",KG00209921
214,NCT00373256,"('KG00327470', 'KG00327471')",KG00327471
215,NCT00370552,"('KG00327502', 'KG00327504')",KG00327504
216,NCT00373113,"('KG00327576', 'KG00327575')",KG00327575
217,NCT00372567,"('KG00327592', 'KG00327593')",KG00327592
218,NCT00374322,"('placebo', 'KG00327612')",placebo
219,NCT00373425,"('placebo', 'KG00327695')",KG00327695
220,NCT00375674,"('placebo', 'KG00327705')",KG00327705
221,NCT02788279,"('KG00246214', 'KG00246216')",KG00246216
222,NCT02788279,"('KG00246214', 'KG00246215')",KG00246215
223,NCT02788279,"('KG00246216', 'KG00246215')",KG00246215
224,NCT01137604,"('KG00191774', 'KG00191773')",KG00191773
225,NCT01136733,"('KG00191864', 'KG00191866')",KG00191864
226,NCT01136733,"('KG00191864', 'KG00191865')",KG00191865
227,NCT01136733,"('KG00191866', 'KG00191865')",KG00191865
228,NCT01131078,"('KG00192176', 'KG00192177')",KG00192177
229,NCT02049957,"('KG00263765', 'KG00263764')",KG00263765
230,NCT01147822,"('KG00325818', 'KG00325819')",KG00325819
231,NCT01144455,"('KG00325962', 'KG00325961')",KG00325962
232,NCT02038647,"('KG00148781', 'KG00148782')",KG00148781
233,NCT03273153,"('KG00265981', 'KG00265980')",KG00265981
234,NCT00300885,"('KG00190462', 'KG00190461')",KG00190461
235,NCT00308087,"('KG00190673', 'KG00190674')",KG00190674
236,NCT00303628,"('KG00190735', 'KG00190734')",KG00190734
237,NCT01684878,"('KG00295301', 'KG00295300')",KG00295300
238,NCT01683994,"('KG00295377', 'KG00295378')",KG00295378
239,NCT01687387,"('placebo', 'KG00295388')",placebo
240,NCT01689519,"('KG00295610', 'KG00295609')",KG00295610
241,NCT00936221,"('KG00215558', 'KG00215559')",KG00215558
242,NCT00931632,"('placebo', 'KG00215735')",KG00215735
243,NCT00931255,"('KG00215928', 'KG00215927')",KG00215927
244,NCT00428597,"('placebo', 'KG00268187')",KG00268187
245,NCT00423332,"('placebo', 'KG00268382')",KG00268382
246,NCT00420407,"('placebo', 'KG00268392')",KG00268392
247,NCT00420212,"('placebo', 'KG00268440')",placebo
248,NCT01664923,"('KG00143319', 'KG00143318')",KG00143318
249,NCT01663727,"('KG00143337', 'KG00143336')",KG00143336
250,NCT01667419,"('placebo', 'KG00143572')",placebo
251,NCT01666444,"('KG00143702', 'KG00143703')",KG00143703
252,NCT01661270,"('placebo', 'KG00143763')",KG00143763
253,NCT00392665,"('KG00166572', 'KG00166571')",KG00166571
254,NCT00391274,"('KG00166738', 'KG00166739')",KG00166739
255,NCT00391222,"('placebo', 'KG00166859')",KG00166859
256,NCT00391222,"('placebo', 'KG00166861')",KG00166861
257,NCT00391222,"('KG00166859', 'KG00166861')",KG00166861
258,NCT00393939,"('KG00166896', 'KG00166897')",KG00166897
259,NCT00391092,"('KG00167002', 'KG00167003')",KG00167002
260,NCT00398411,"('placebo', 'KG00167004')",KG00167004
261,NCT01610284,"('KG00269909', 'KG00269908')",KG00269908
262,NCT01611090,"('KG00269918', 'KG00269917')",KG00269917
263,NCT02763579,"('KG00188132', 'KG00188131')",KG00188131
264,NCT00940602,"('placebo', 'KG00297743')",KG00297743
265,NCT00940875,"('KG00298014', 'KG00298013')",KG00298014
266,NCT00949650,"('KG00298057', 'KG00298058')",KG00298057
267,NCT00454194,"('KG00145021', 'KG00145022')",KG00145022
268,NCT00451555,"('KG00145060', 'KG00145061')",KG00145060
269,NCT00456261,"('KG00145084', 'KG00145083')",KG00145084
270,NCT00454636,"('KG00145213', 'KG00145210')",KG00145213
271,NCT00454636,"('KG00145213', 'KG00145212')",KG00145213
272,NCT00454636,"('KG00145213', 'KG00145211')",KG00145213
273,NCT00454636,"('KG00145210', 'KG00145212')",KG00145212
274,NCT00454636,"('KG00145210', 'KG00145211')",KG00145211
275,NCT00454636,"('KG00145212', 'KG00145211')",KG00145212
276,NCT00451451,"('placebo', 'KG00145218')",placebo
277,NCT00457691,"('placebo', 'KG00145255')",placebo
278,NCT00457392,"('KG00145364', 'KG00145365')",KG00145364
279,NCT00451178,"('KG00145441', 'KG00145440')",KG00145440
280,NCT02437318,"('KG00279625', 'KG00279624')",KG00279624
281,NCT02431559,"('KG00279976', 'KG00279973')",KG00279976
282,NCT02436668,"('KG00280028', 'KG00280027')",KG00280027
283,NCT01850524,"('placebo', 'KG00311042')",KG00311042
284,NCT01852292,"('KG00311054', 'KG00311053')",KG00311053
285,NCT01855750,"('KG00311250', 'KG00311249')",KG00311249
286,NCT01544179,"('KG00152297', 'KG00152296')",KG00152297
287,NCT02924883,"('KG00125136', 'KG00125135')",KG00125135
288,NCT00704730,"('KG00231183', 'placebo')",KG00231183
289,NCT00709826,"('KG00231357', 'KG00231358')",KG00231357
290,NCT00705016,"('KG00231499', 'KG00231497')",KG00231497
291,NCT01286077,"('KG00130812', 'placebo')",KG00130812
292,NCT01289457,"('KG00131033', 'KG00131034')",KG00131034
293,NCT01285635,"('KG00131068', 'KG00131065')",KG00131065
294,NCT01285609,"('KG00131106', 'KG00131105')",KG00131106
295,NCT01288911,"('KG00131202', 'KG00131203')",KG00131202
296,NCT01287741,"('KG00131238', 'KG00131239')",KG00131238
297,NCT00777153,"('KG00154227', 'KG00154226')",KG00154227
298,NCT00777153,"('KG00154227', 'KG00154228')",KG00154227
299,NCT00777153,"('KG00154226', 'KG00154228')",KG00154226
300,NCT00777179,"('placebo', 'KG00154333')",KG00154333
301,NCT00776594,"('KG00154544', 'KG00154545')",KG00154545
302,NCT00777101,"('KG00154832', 'KG00154833')",KG00154833
303,NCT00770588,"('KG00154931', 'placebo')",KG00154931
304,NCT00771953,"('KG00154950', 'KG00154951')",KG00154951
305,NCT02383966,"('KG00175116', 'KG00175115')",KG00175115
306,NCT02441309,"('KG00208017', 'KG00208016')",KG00208017
307,NCT01828112,"('KG00181830', 'KG00181831')",KG00181830
308,NCT01827267,"('KG00181938', 'KG00181937')",KG00181938
309,NCT01828099,"('KG00182054', 'KG00182055')",KG00182054
310,NCT01829113,"('placebo', 'KG00182056')",KG00182056
311,NCT01539083,"('KG00233375', 'KG00233374')",KG00233375
312,NCT01532687,"('KG00233496', 'KG00233495')",KG00233495
313,NCT00795340,"('placebo', 'KG00314275')",KG00314275
314,NCT00790036,"('placebo', 'KG00314329')",KG00314329
315,NCT00791778,"('placebo', 'KG00314408')",placebo
316,NCT00796120,"('KG00314539', 'KG00314540')",KG00314539
317,NCT02367781,"('KG00234018', 'KG00234019')",KG00234018
318,NCT02366143,"('KG00234221', 'KG00234220')",KG00234221
319,NCT02367794,"('KG00234318', 'KG00234316')",KG00234316
320,NCT01212991,"('placebo', 'KG00205785')",KG00205785
321,NCT00050960,"('KG00283066', 'KG00283065')",KG00283066
322,NCT00056160,"('KG00283193', 'KG00283194')",KG00283193
323,NCT03125902,"('KG00150200', 'KG00150201')",KG00150201
324,NCT00021255,"('KG00204472', 'KG00204471')",KG00204471
325,NCT00021255,"('KG00204472', 'KG00204470')",KG00204472
326,NCT00021255,"('KG00204471', 'KG00204470')",KG00204471
327,NCT00022516,"('placebo', 'KG00204587')",KG00204587
328,NCT00022672,"('KG00204669', 'KG00204668')",KG00204668
329,NCT03158688,"('KG00235126', 'KG00235127')",KG00235127
330,NCT02314117,"('KG00151761', 'KG00151762')",KG00151761
331,NCT02315625,"('KG00151830', 'KG00151831')",KG00151830
332,NCT02312258,"('KG00151879', 'placebo')",KG00151879
333,NCT01263782,"('KG00281606', 'KG00281609')",KG00281609
334,NCT01263782,"('KG00281606', 'KG00281607')",KG00281607
335,NCT01263782,"('KG00281609', 'KG00281607')",KG00281607
336,NCT01266031,"('KG00281636', 'KG00281635')",KG00281636
337,NCT01260688,"('KG00281729', 'KG00281728')",KG00281729
338,NCT00130728,"('KG00197939', 'KG00197938')",KG00197938
339,NCT00134056,"('KG00197953', 'KG00197951')",KG00197953
340,NCT00130442,"('KG00198098', 'KG00198097')",KG00198098
341,NCT00130533,"('placebo', 'KG00198256')",placebo
342,NCT01379521,"('placebo', 'KG00320840')",KG00320840
343,NCT01374425,"('KG00320961', 'KG00320962')",KG00320962
344,NCT01374451,"('KG00321108', 'KG00321107')",KG00321107
345,NCT02209948,"('KG00140724', 'placebo')",KG00140724
346,NCT02208037,"('KG00141003', 'KG00141004')",KG00141004
347,NCT02208037,"('KG00141003', 'KG00141002')",KG00141002
348,NCT02208037,"('KG00141004', 'KG00141002')",KG00141004
349,NCT01308567,"('KG00196509', 'KG00196507')",KG00196507
350,NCT01306032,"('KG00196760', 'KG00196761')",KG00196760
351,NCT02278120,"('KG00273513', 'KG00273514')",KG00273514
352,NCT02276027,"('KG00273602', 'KG00273603')",KG00273603
353,NCT02276027,"('KG00273602', 'KG00273605')",KG00273605
354,NCT02276027,"('KG00273603', 'KG00273605')",KG00273603
355,NCT02272790,"('KG00273648', 'KG00273647')",KG00273648
356,NCT00688740,"('KG00301742', 'KG00301743')",KG00301743
357,NCT00680901,"('KG00302076', 'KG00302075')",KG00302075
358,NCT03033511,"('placebo', 'KG00141664')",placebo
359,NCT03032380,"('KG00141666', 'KG00141667')",KG00141666
360,NCT00143455,"('KG00319317', 'KG00319318')",KG00319318
361,NCT00143403,"('KG00319360', 'KG00319361')",KG00319361
362,NCT00148798,"('KG00319787', 'KG00319786')",KG00319786
363,NCT02291289,"('KG00214460', 'KG00214459')",KG00214459
364,NCT00660504,"('KG00137588', 'KG00137587')",KG00137587
365,NCT00661193,"('KG00137594', 'KG00137593')",KG00137594
366,NCT00661492,"('KG00137800', 'KG00137801')",KG00137801
367,NCT00661830,"('KG00138079', 'KG00138080')",KG00138080
368,NCT01938001,"('KG00221966', 'KG00221965')",KG00221965
369,NCT01936909,"('placebo', 'KG00221975')",placebo
370,NCT01936363,"('KG00221988', 'KG00221989')",KG00221989
371,NCT01457846,"('KG00140179', 'KG00140180')",KG00140180
372,NCT01450137,"('placebo', 'KG00140222')",KG00140222
373,NCT02528643,"('placebo', 'KG00322421')",KG00322421
374,NCT01945281,"('KG00290289', 'KG00290290')",KG00290289
375,NCT01949337,"('KG00290344', 'KG00290345')",KG00290345
376,NCT01946204,"('placebo', 'KG00290417')",KG00290417
377,NCT01942135,"('KG00290505', 'KG00290504')",KG00290504
378,NCT00610714,"('KG00276389', 'KG00276390')",KG00276390
379,NCT00613028,"('KG00276400', 'KG00276401')",KG00276401
380,NCT00615056,"('KG00276560', 'KG00276559')",KG00276560
381,NCT00613626,"('KG00276613', 'KG00276612')",KG00276613
382,NCT00617669,"('KG00276628', 'KG00276627')",KG00276628
383,NCT02677116,"('KG00202848', 'KG00202853')",KG00202848
384,NCT02677116,"('KG00202848', 'KG00202849')",KG00202848
385,NCT02677116,"('KG00202848', 'KG00202850')",KG00202848
386,NCT02677116,"('KG00202853', 'KG00202849')",KG00202849
387,NCT02677116,"('KG00202853', 'KG00202850')",KG00202850
388,NCT02677116,"('KG00202849', 'KG00202850')",KG00202850
389,NCT02675231,"('KG00203030', 'KG00203031')",KG00203030
390,NCT01703091,"('KG00223394', 'KG00223393')",KG00223393
391,NCT01705691,"('KG00223623', 'KG00223624')",KG00223624
392,NCT00287729,"('KG00126174', 'placebo')",KG00126174
393,NCT00283062,"('KG00126188', 'KG00126187')",KG00126188
394,NCT00289991,"('KG00126247', 'KG00126246')",KG00126247
395,NCT00281957,"('KG00126412', 'KG00126413')",KG00126412
396,NCT00283244,"('KG00126536', 'KG00126537')",KG00126536
397,NCT00283244,"('KG00126536', 'KG00126538')",KG00126538
398,NCT00283244,"('KG00126537', 'KG00126538')",KG00126538
399,NCT00281918,"('KG00126550', 'KG00126549')",KG00126549
400,NCT00543127,"('KG00160135', 'KG00160134')",KG00160135
401,NCT00545077,"('KG00160248', 'KG00160249')",KG00160249
402,NCT00545688,"('KG00160253', 'KG00160252')",KG00160253
403,NCT00545688,"('KG00160253', 'KG00160250')",KG00160250
404,NCT00545688,"('KG00160253', 'KG00160251')",KG00160251
405,NCT00545688,"('KG00160252', 'KG00160250')",KG00160250
406,NCT00545688,"('KG00160252', 'KG00160251')",KG00160251
407,NCT00545688,"('KG00160250', 'KG00160251')",KG00160251
408,NCT00548548,"('KG00160402', 'KG00160403')",KG00160402
409,NCT00858364,"('placebo', 'KG00317441')",KG00317441
410,NCT00859131,"('KG00317655', 'KG00317656')",KG00317655
411,NCT00851084,"('KG00317956', 'KG00317957')",KG00317957
412,NCT00531960,"('KG00225460', 'KG00225459')",KG00225460
413,NCT00530621,"('KG00225773', 'KG00225772')",KG00225773
414,NCT00829166,"('KG00174569', 'KG00174570')",KG00174569
415,NCT00824408,"('KG00174665', 'KG00174661')",KG00174665
416,NCT00828841,"('KG00174805', 'KG00174806')",KG00174806
417,NCT00828841,"('KG00174805', 'KG00174804')",KG00174804
418,NCT00828841,"('KG00174806', 'KG00174804')",KG00174806
419,NCT00823719,"('KG00174889', 'KG00174887')",KG00174887
420,NCT00820755,"('KG00174961', 'KG00174960')",KG00174960
421,NCT00820222,"('KG00175013', 'KG00175014')",KG00175014
422,NCT02607228,"('KG00284322', 'KG00284323')",KG00284323
423,NCT02604342,"('KG00284789', 'KG00284790')",KG00284789
424,NCT01774721,"('KG00162020', 'KG00162019')",KG00162019
425,NCT01778634,"('placebo', 'KG00162053')",KG00162053
426,NCT01777152,"('KG00162130', 'KG00162131')",KG00162131
427,NCT01772472,"('KG00162158', 'KG00162159')",KG00162159
428,NCT01774786,"('KG00162384', 'KG00162385')",KG00162384
429,NCT01774344,"('placebo', 'KG00162387')",KG00162387
430,NCT02120417,"('KG00156681', 'KG00156680')",KG00156681
431,NCT01059630,"('KG00288445', 'KG00288444')",KG00288445
432,NCT01057810,"('placebo', 'KG00288492')",placebo
433,NCT01052662,"('placebo', 'KG00288689')",placebo
434,NCT01056510,"('KG00288769', 'KG00288768')",KG00288768
435,NCT01799993,"('placebo', 'KG00306231')",placebo
436,NCT01797120,"('KG00306261', 'KG00306262')",KG00306261
437,NCT01798485,"('KG00306570', 'KG00306569')",KG00306570
438,NCT00216060,"('placebo', 'KG00200537')",placebo
439,NCT00215644,"('KG00200565', 'KG00200566')",KG00200566
440,NCT00213135,"('KG00200619', 'placebo')",KG00200619
441,NCT00215943,"('KG00200624', 'KG00200625')",KG00200624
442,NCT00210353,"('KG00200652', 'KG00200651')",KG00200651
443,NCT00210353,"('KG00200651', 'KG00200650')",KG00200651
444,NCT00213980,"('placebo', 'KG00200917')",placebo
445,NCT00269152,"('KG00286817', 'KG00286818')",KG00286818
446,NCT00260832,"('KG00286918', 'KG00286917')",KG00286918
447,NCT00266799,"('KG00287060', 'KG00287059')",KG00287060
448,NCT00262821,"('KG00287131', 'KG00287132')",KG00287131
449,NCT00267020,"('KG00287285', 'KG00287286')",KG00287285
450,NCT02151981,"('KG00229556', 'KG00229554')",KG00229556
451,NCT02152631,"('KG00229579', 'KG00229580')",KG00229580
452,NCT02158936,"('KG00229669', 'KG00229668')",KG00229669
453,NCT01029262,"('placebo', 'KG00199465')",KG00199465
454,NCT01024036,"('placebo', 'KG00199667')",KG00199667
455,NCT01026142,"('KG00199733', 'KG00199732')",KG00199733
456,NCT01339910,"('KG00320344', 'KG00320345')",KG00320345
457,NCT01332968,"('KG00320584', 'KG00320585')",KG00320584
458,NCT02246621,"('KG00142921', 'KG00142922')",KG00142921
459,NCT02896855,"('KG00326162', 'KG00326161')",KG00326162
460,NCT02588261,"('KG00170076', 'KG00170077')",KG00170077
461,NCT03002012,"('KG00273031', 'KG00273030')",KG00273030
462,NCT00176852,"('KG00195960', 'KG00195961')",KG00195961
463,NCT00179621,"('placebo', 'KG00195989')",KG00195989
464,NCT00171925,"('KG00196027', 'placebo')",KG00196027
465,NCT01484275,"('KG00211252', 'placebo')",KG00211252
466,NCT01482962,"('KG00211442', 'KG00211444')",KG00211442
467,NCT01997333,"('KG00263870', 'KG00263869')",KG00263870
468,NCT01998880,"('KG00264182', 'KG00264183')",KG00264182
469,NCT01991990,"('placebo', 'KG00264188')",KG00264188
470,NCT01998919,"('placebo', 'KG00264242')",KG00264242
471,NCT00108953,"('placebo', 'KG00321150')",KG00321150
472,NCT00105443,"('placebo', 'KG00321308')",KG00321308
473,NCT00103506,"('KG00321528', 'KG00321527')",KG00321528
474,NCT00102804,"('placebo', 'KG00321683')",KG00321683
475,NCT00101283,"('KG00321737', 'KG00321738')",KG00321737
476,NCT01349972,"('KG00197130', 'KG00197131')",KG00197131
477,NCT01345682,"('KG00197206', 'KG00197207')",KG00197206
478,NCT01343277,"('KG00197315', 'KG00197314')",KG00197314
479,NCT01349660,"('KG00197480', 'KG00197481')",KG00197480
480,NCT01466660,"('KG00277197', 'KG00277198')",KG00277197
481,NCT01469000,"('KG00277226', 'KG00277227')",KG00277226
482,NCT01465464,"('placebo', 'KG00277339')",placebo
483,NCT01468909,"('KG00277353', 'KG00277352')",KG00277353
484,NCT01970371,"('KG00220459', 'KG00220458')",KG00220459
485,NCT01974752,"('KG00220967', 'KG00220968')",KG00220967
486,NCT03091192,"('KG00296670', 'KG00296669')",KG00296669
487,NCT03099187,"('KG00296734', 'placebo')",KG00296734
488,NCT00628251,"('KG00138933', 'KG00138934')",KG00138934
489,NCT00653939,"('KG00275326', 'KG00275325')",KG00275325
490,NCT00656136,"('placebo', 'KG00275524')",placebo
491,NCT00652340,"('KG00275802', 'KG00275800')",KG00275800
492,NCT00659438,"('placebo', 'KG00275906')",placebo
493,NCT00651261,"('KG00276027', 'KG00276028')",KG00276027
494,NCT00654420,"('KG00276081', 'KG00276084')",KG00276081
495,NCT01416389,"('KG00137298', 'KG00137297')",KG00137298
496,NCT01900652,"('KG00291755', 'KG00291756')",KG00291755
497,NCT01907100,"('placebo', 'KG00291979')",KG00291979
498,NCT01903993,"('KG00292138', 'KG00292137')",KG00292138
499,NCT00191646,"('KG00238200', 'KG00238199')",KG00238200
500,NCT00191451,"('KG00238259', 'KG00238258')",KG00238258
501,NCT00192075,"('KG00238358', 'KG00238357')",KG00238358
502,NCT00191152,"('KG00238369', 'KG00238370')",KG00238369
503,NCT00191854,"('KG00238409', 'KG00238410')",KG00238409
504,NCT00191854,"('KG00238411', 'KG00238410')",KG00238411
505,NCT00191477,"('placebo', 'KG00238461')",placebo
506,NCT00191100,"('KG00238508', 'KG00238507')",KG00238508
507,NCT00193492,"('KG00238517', 'KG00238516')",KG00238517
508,NCT00195273,"('KG00238523', 'KG00238524')",KG00238523
509,NCT01089595,"('KG00262088', 'KG00262089')",KG00262089
510,NCT01080391,"('KG00262138', 'KG00262137')",KG00262138
511,NCT01081951,"('KG00262192', 'KG00262191')",KG00262191
512,NCT00502307,"('placebo', 'KG00161429')",KG00161429
513,NCT00500240,"('placebo', 'KG00161475')",placebo
514,NCT00507416,"('KG00161594', 'KG00161595')",KG00161595
515,NCT00507416,"('KG00161594', 'KG00161596')",KG00161596
516,NCT00507416,"('KG00161595', 'KG00161596')",KG00161596
517,NCT00507429,"('KG00161717', 'KG00161718')",KG00161717
518,NCT00815516,"('KG00315144', 'KG00315143')",KG00315144
519,NCT00813150,"('KG00315372', 'KG00315371')",KG00315371
520,NCT02631876,"('KG00201691', 'KG00201690')",KG00201691
521,NCT01746979,"('placebo', 'KG00226777')",KG00226777
522,NCT01740427,"('KG00226850', 'KG00226849')",KG00226849
523,NCT01747551,"('KG00226910', 'KG00226911')",KG00226910
524,NCT01743131,"('placebo', 'KG00226979')",KG00226979
525,NCT01740297,"('KG00227019', 'KG00227020')",KG00227020
526,NCT01732549,"('KG00159589', 'placebo')",KG00159589
527,NCT02181413,"('placebo', 'KG00309636')",KG00309636
528,NCT02184195,"('KG00309797', 'placebo')",KG00309797
529,NCT02187861,"('KG00309855', 'KG00309856')",KG00309855
530,NCT02187861,"('KG00309855', 'KG00309858')",KG00309855
531,NCT02187861,"('KG00309856', 'KG00309858')",KG00309858
532,NCT02186301,"('KG00309983', 'KG00309982')",KG00309982
533,NCT00578864,"('KG00223989', 'KG00223988')",KG00223988
534,NCT00576758,"('KG00224264', 'KG00224265')",KG00224265
535,NCT00868166,"('KG00177386', 'KG00177387')",KG00177387
536,NCT00863746,"('placebo', 'KG00177505')",placebo
537,NCT00865709,"('KG00177578', 'KG00177579')",KG00177578
538,NCT00861614,"('placebo', 'KG00177675')",KG00177675
539,NCT00864253,"('KG00177710', 'KG00177709')",KG00177709
540,NCT00866697,"('placebo', 'KG00177919')",KG00177919
541,NCT00863655,"('KG00177943', 'KG00177942')",KG00177942
542,NCT00256698,"('KG00198557', 'KG00198556')",KG00198556
543,NCT00257608,"('KG00198881', 'KG00198882')",KG00198881
544,NCT03322566,"('KG00228213', 'KG00228214')",KG00228214
545,NCT02162719,"('KG00158610', 'KG00158609')",KG00158609
546,NCT02165397,"('KG00158653', 'KG00158655')",KG00158653
547,NCT02165397,"('KG00158653', 'KG00158654')",KG00158653
548,NCT02165397,"('KG00158655', 'KG00158654')",KG00158655
549,NCT01014208,"('KG00287535', 'KG00287534')",KG00287534
550,NCT01017874,"('KG00287673', 'KG00287674')",KG00287674
551,NCT01010061,"('KG00287719', 'KG00287717')",KG00287717
552,NCT00597116,"('KG00185170', 'KG00185171')",KG00185170
553,NCT00596830,"('KG00185243', 'KG00185244')",KG00185243
554,NCT00883116,"('KG00235527', 'KG00235529')",KG00235529
555,NCT00883779,"('placebo', 'KG00235674')",KG00235674
556,NCT00887822,"('KG00235895', 'KG00235894')",KG00235894
557,NCT00880334,"('KG00236025', 'KG00236026')",KG00236025
558,NCT02119650,"('KG00227084', 'KG00227083')",KG00227083
559,NCT02117024,"('KG00227246', 'KG00227245')",KG00227246
560,NCT02117479,"('KG00227260', 'KG00227261')",KG00227261
561,NCT02119676,"('KG00227296', 'KG00227295')",KG00227296
562,NCT01063517,"('KG00199983', 'KG00199982')",KG00199982
563,NCT01067469,"('KG00200390', 'KG00200389')",KG00200390
564,NCT01064622,"('KG00200432', 'KG00200433')",KG00200433
565,NCT01172418,"('KG00191230', 'KG00191231')",KG00191230
566,NCT01178281,"('placebo', 'KG00191344')",placebo
567,NCT02004522,"('KG00266147', 'KG00266148')",KG00266147
568,NCT02004093,"('KG00266155', 'KG00266154')",KG00266155
569,NCT02007512,"('KG00266199', 'KG00266200')",KG00266199
570,NCT02008227,"('KG00266383', 'KG00266384')",KG00266383
571,NCT02003924,"('placebo', 'KG00266435')",KG00266435
572,NCT00332202,"('placebo', 'KG00325065')",placebo
573,NCT00334282,"('placebo', 'KG00325192')",KG00325192
574,NCT00337103,"('KG00325269', 'KG00325270')",KG00325269
575,NCT00335764,"('KG00325360', 'KG00325361')",KG00325361
576,NCT00333775,"('KG00325440', 'KG00325441')",KG00325441
577,NCT00349622,"('placebo', 'KG00192655')",KG00192655
578,NCT00994318,"('KG00272068', 'KG00272066')",KG00272068
579,NCT00995007,"('KG00272384', 'KG00272385')",KG00272385
580,NCT00486642,"('KG00218789', 'KG00218788')",KG00218789
581,NCT00484939,"('KG00218943', 'KG00218942')",KG00218942
582,NCT00481247,"('KG00219064', 'KG00219063')",KG00219064
583,NCT00486759,"('KG00219087', 'KG00219086')",KG00219087
584,NCT01102426,"('KG00326385', 'KG00326386')",KG00326385
585,NCT01100502,"('placebo', 'KG00326503')",placebo
586,NCT01109004,"('KG00326671', 'KG00326672')",KG00326672
587,NCT01108445,"('KG00326706', 'KG00326705')",KG00326706
588,NCT01101334,"('KG00326858', 'KG00326857')",KG00326857
589,NCT01107444,"('KG00326913', 'KG00326912')",KG00326913
590,NCT02079636,"('KG00146921', 'KG00146922')",KG00146921
591,NCT02079636,"('KG00146921', 'KG00146923')",KG00146923
592,NCT02079636,"('KG00146922', 'KG00146923')",KG00146923
593,NCT01625286,"('KG00146630', 'placebo')",KG00146630
594,NCT01628913,"('KG00146663', 'KG00146662')",KG00146663
595,NCT02752074,"('KG00329474', 'KG00329475')",KG00329475
596,NCT02756364,"('KG00329564', 'KG00329565')",KG00329565
597,NCT00976456,"('KG00212590', 'KG00212589')",KG00212590
598,NCT00974311,"('placebo', 'KG00212690')",KG00212690
599,NCT00973102,"('KG00212789', 'placebo')",placebo
600,NCT00973674,"('placebo', 'KG00212792')",placebo
601,NCT00463788,"('KG00269325', 'KG00269326')",KG00269325
602,NCT02093962,"('placebo', 'KG00290888')",KG00290888
603,NCT03563716,"('KG00330774', 'KG00330775')",KG00330775
604,NCT00903760,"('KG00300405', 'KG00300404')",KG00300405
605,NCT00909779,"('placebo', 'KG00300916')",KG00300916
606,NCT00901901,"('KG00300960', 'KG00300959')",KG00300959
607,NCT00415363,"('placebo', 'KG00143884')",KG00143884
608,NCT00418938,"('KG00143908', 'KG00143909')",KG00143909
609,NCT00414076,"('placebo', 'KG00143950')",placebo
610,NCT00412061,"('KG00143996', 'KG00143995')",KG00143995
611,NCT00413218,"('KG00144074', 'KG00144073')",KG00144073
612,NCT00414310,"('KG00144219', 'KG00144218')",KG00144219
613,NCT00410124,"('placebo', 'KG00144335')",KG00144335
614,NCT00417079,"('KG00144375', 'KG00144376')",KG00144376
615,NCT00412893,"('KG00144377', 'KG00144378')",KG00144378
616,NCT00415194,"('KG00144428', 'KG00144427')",KG00144427
617,NCT00410826,"('KG00144430', 'KG00144429')",KG00144430
618,NCT01191801,"('KG00243942', 'KG00243941')",KG00243941
619,NCT01193244,"('KG00244061', 'KG00244060')",KG00244060
620,NCT01194453,"('KG00244120', 'KG00244119')",KG00244119
621,NCT01196078,"('KG00244205', 'KG00244204')",KG00244205
622,NCT01193257,"('KG00244348', 'KG00244347')",KG00244347
623,NCT01196741,"('KG00244359', 'KG00244360')",KG00244360
624,NCT01652469,"('KG00266756', 'KG00266757')",KG00266757
625,NCT01659021,"('KG00266938', 'KG00266937')",KG00266937
626,NCT02725268,"('KG00188501', 'KG00188503')",KG00188501
627,NCT02725268,"('KG00188501', 'KG00188502')",KG00188501
628,NCT02725268,"('KG00188501', 'KG00188500')",KG00188501
629,NCT02725268,"('KG00188503', 'KG00188502')",KG00188502
630,NCT02725268,"('KG00188503', 'KG00188500')",KG00188500
631,NCT02725268,"('KG00188502', 'KG00188500')",KG00188500
632,NCT00745875,"('KG00231895', 'KG00231894')",KG00231895
633,NCT00741988,"('KG00231912', 'KG00231911')",KG00231912
634,NCT00748189,"('KG00232167', 'KG00232168')",KG00232167
635,NCT00744497,"('KG00232202', 'KG00232201')",KG00232202
636,NCT00088907,"('KG00256087', 'KG00256088')",KG00256088
637,NCT00080301,"('KG00256100', 'KG00256101')",KG00256100
638,NCT00083551,"('KG00256234', 'KG00256233')",KG00256233
639,NCT00085839,"('KG00256381', 'KG00256382')",KG00256382
640,NCT00084266,"('KG00256398', 'KG00256399')",KG00256398
641,NCT00082433,"('KG00256477', 'KG00256478')",KG00256477
642,NCT01818752,"('KG00309487', 'KG00309486')",KG00309486
643,NCT02470585,"('KG00279300', 'KG00279301')",KG00279301
644,NCT01500720,"('KG00155249', 'KG00155250')",KG00155250
645,NCT01867710,"('KG00183062', 'KG00183059')",KG00183062
646,NCT01868022,"('KG00183176', 'KG00183170')",KG00183176
647,NCT01868022,"('KG00183176', 'KG00183173')",KG00183173
648,NCT01868022,"('KG00183170', 'KG00183173')",KG00183173
649,NCT02401542,"('KG00208522', 'KG00208524')",KG00208522
650,NCT02401542,"('KG00208522', 'KG00208523')",KG00208522
651,NCT02401542,"('KG00208524', 'KG00208523')",KG00208523
652,NCT01578551,"('KG00230563', 'KG00230564')",KG00230563
653,NCT01572727,"('KG00230602', 'KG00230603')",KG00230603
654,NCT01578499,"('KG00230685', 'KG00230684')",KG00230684
655,NCT01570036,"('KG00231013', 'KG00231012')",KG00231012
656,NCT00738530,"('KG00153689', 'KG00153690')",KG00153689
657,NCT00739661,"('KG00154021', 'placebo')",KG00154021
658,NCT00738881,"('KG00154120', 'KG00154119')",KG00154120
659,NCT00014222,"('KG00281211', 'KG00281210')",KG00281211
660,NCT00011986,"('KG00281289', 'KG00281288')",KG00281288
661,NCT00011986,"('KG00281289', 'KG00281286')",KG00281286
662,NCT00011986,"('KG00281289', 'KG00281287')",KG00281289
663,NCT00011986,"('KG00281288', 'KG00281286')",KG00281288
664,NCT00011986,"('KG00281288', 'KG00281287')",KG00281288
665,NCT00011986,"('KG00281286', 'KG00281287')",KG00281286
666,NCT01881230,"('KG00229028', 'KG00229029')",KG00229029
667,NCT01881230,"('KG00229028', 'KG00229030')",KG00229030
668,NCT01881230,"('KG00229029', 'KG00229030')",KG00229029
669,NCT01880515,"('placebo', 'KG00229136')",placebo
670,NCT02327169,"('KG00236430', 'KG00236412')",KG00236430
671,NCT02327169,"('KG00236430', 'KG00236413')",KG00236413
672,NCT02327169,"('KG00236430', 'KG00236414')",KG00236414
673,NCT02327169,"('KG00236430', 'KG00236415')",KG00236430
674,NCT02327169,"('KG00236430', 'KG00236432')",KG00236432
675,NCT02327169,"('KG00236412', 'KG00236413')",KG00236413
676,NCT02327169,"('KG00236412', 'KG00236414')",KG00236414
677,NCT02327169,"('KG00236412', 'KG00236415')",KG00236415
678,NCT02327169,"('KG00236412', 'KG00236432')",KG00236432
679,NCT02327169,"('KG00236413', 'KG00236414')",KG00236414
680,NCT02327169,"('KG00236413', 'KG00236415')",KG00236413
681,NCT02327169,"('KG00236413', 'KG00236432')",KG00236432
682,NCT02327169,"('KG00236414', 'KG00236415')",KG00236414
683,NCT02327169,"('KG00236414', 'KG00236432')",KG00236432
684,NCT02327169,"('KG00236415', 'KG00236432')",KG00236432
685,NCT01259856,"('KG00204685', 'KG00204684')",KG00204685
686,NCT01257581,"('KG00204987', 'KG00204988')",KG00204987
687,NCT01229150,"('KG00282709', 'KG00282710')",KG00282709
688,NCT01223027,"('KG00282757', 'KG00282756')",KG00282756
689,NCT00069108,"('KG00206215', 'KG00206216')",KG00206216
690,NCT00065182,"('KG00206240', 'KG00206242')",KG00206240
691,NCT00066703,"('KG00206341', 'KG00206342')",KG00206342
692,NCT00066573,"('KG00206369', 'KG00206370')",KG00206370
693,NCT00065468,"('KG00206398', 'KG00206400')",KG00206400
694,NCT00065468,"('KG00206398', 'KG00206399')",KG00206399
695,NCT00065468,"('KG00206400', 'KG00206399')",KG00206399
696,NCT00064038,"('KG00206436', 'KG00206437')",KG00206436
697,NCT02499120,"('KG00133506', 'KG00133507')",KG00133506
698,NCT02981342,"('KG00288213', 'KG00288214')",KG00288214
699,NCT02103478,"('KG00304654', 'KG00304656')",KG00304654
700,NCT02107703,"('KG00304715', 'KG00304714')",KG00304714
701,NCT02105636,"('KG00304732', 'KG00304731')",KG00304731
702,NCT02106884,"('KG00304999', 'KG00305000')",KG00304999
703,NCT01075048,"('KG00129233', 'KG00129232')",KG00129233
704,NCT01077713,"('KG00129239', 'KG00129240')",KG00129240
705,NCT01077739,"('KG00129302', 'KG00129303')",KG00129302
706,NCT01077154,"('KG00129582', 'placebo')",placebo
707,NCT01076010,"('KG00129590', 'KG00129591')",KG00129590
708,NCT01076010,"('KG00129590', 'KG00129589')",KG00129589
709,NCT01076010,"('KG00129591', 'KG00129589')",KG00129589
710,NCT00236899,"('KG00259624', 'KG00259623')",KG00259623
711,NCT00235716,"('KG00259789', 'placebo')",KG00259789
712,NCT00235716,"('KG00259789', 'KG00259788')",KG00259788
713,NCT00235716,"('KG00259789', 'KG00259787')",KG00259789
714,NCT00235716,"('placebo', 'KG00259788')",KG00259788
715,NCT00235716,"('placebo', 'KG00259787')",placebo
716,NCT00235716,"('KG00259788', 'KG00259787')",KG00259788
717,NCT00246012,"('KG00128035', 'KG00128038')",KG00128038
718,NCT00248287,"('KG00128178', 'KG00128177')",KG00128178
719,NCT00248625,"('placebo', 'KG00128342')",placebo
720,NCT02178358,"('KG00186876', 'KG00186877')",KG00186876
721,NCT02178358,"('KG00186876', 'KG00186878')",KG00186876
722,NCT01001377,"('KG00257696', 'KG00257695')",KG00257696
723,NCT01002742,"('placebo', 'KG00257744')",KG00257744
724,NCT01005680,"('KG00257777', 'KG00257776')",KG00257776
725,NCT01000025,"('placebo', 'KG00257785')",KG00257785
726,NCT01007942,"('KG00257941', 'KG00257942')",KG00257941
727,NCT01006980,"('KG00258006', 'KG00258005')",KG00258006
728,NCT01006252,"('KG00258019', 'KG00258018')",KG00258019
729,NCT01008150,"('KG00258110', 'KG00258113')",KG00258110
730,NCT01008150,"('KG00258111', 'KG00258113')",KG00258111
731,NCT01008150,"('KG00258113', 'KG00258109')",KG00258109
732,NCT00892710,"('KG00313233', 'KG00313235')",KG00313233
733,NCT00892710,"('KG00313233', 'KG00313234')",KG00313234
734,NCT00892710,"('KG00313235', 'KG00313234')",KG00313234
735,NCT00890825,"('KG00313324', 'KG00313323')",KG00313324
736,NCT02657434,"('KG00261360', 'KG00261361')",KG00261360
737,NCT02655016,"('placebo', 'KG00261505')",KG00261505
738,NCT02196688,"('KG00225030', 'placebo')",KG00225030
739,NCT02199197,"('KG00225230', 'KG00225231')",KG00225230
740,NCT00565448,"('KG00308677', 'KG00308676')",KG00308677
741,NCT00567190,"('KG00309016', 'KG00309015')",KG00309016
742,NCT03418324,"('KG00127781', 'KG00127782')",KG00127782
743,NCT00876395,"('KG00155745', 'KG00155746')",KG00155745
744,NCT00878995,"('placebo', 'KG00155788')",placebo
745,NCT00872989,"('KG00155835', 'KG00155833')",KG00155835
746,NCT00873119,"('KG00155905', 'KG00155906')",KG00155905
747,NCT00879333,"('placebo', 'KG00156025')",KG00156025
748,NCT00871858,"('KG00156090', 'KG00156091')",KG00156090
749,NCT01091168,"('KG00286024', 'KG00286023')",KG00286024
750,NCT01095003,"('KG00286062', 'KG00286063')",KG00286062
751,NCT00515411,"('KG00183588', 'KG00183587')",KG00183587
752,NCT00510068,"('KG00183834', 'placebo')",KG00183834
753,NCT00514917,"('KG00183871', 'KG00183870')",KG00183870
754,NCT00519285,"('KG00183886', 'KG00183885')",KG00183886
755,NCT00518011,"('KG00183906', 'KG00183905')",KG00183905
756,NCT00800202,"('KG00230248', 'KG00230249')",KG00230249
757,NCT00804908,"('KG00230423', 'KG00230422')",KG00230423
758,NCT00803010,"('KG00230520', 'KG00230521')",KG00230521
759,NCT02622724,"('placebo', 'KG00125823')",placebo
760,NCT02627963,"('KG00125927', 'KG00125928')",KG00125927
761,NCT01750281,"('KG00311366', 'KG00311364')",KG00311366
762,NCT01757535,"('placebo', 'KG00311406')",KG00311406
763,NCT01754389,"('KG00311412', 'KG00311410')",KG00311412
764,NCT01754389,"('KG00311412', 'KG00311411')",KG00311412
765,NCT01754389,"('KG00311410', 'KG00311411')",KG00311411
766,NCT01751724,"('placebo', 'KG00311444')",placebo
767,NCT01755767,"('placebo', 'KG00311567')",placebo
768,NCT00645593,"('KG00298274', 'KG00298273')",KG00298273
769,NCT00642746,"('KG00298304', 'KG00298303')",KG00298303
770,NCT00642018,"('KG00298771', 'KG00298770')",KG00298770
771,NCT02864381,"('KG00187623', 'KG00187622')",KG00187623
772,NCT01402908,"('KG00213554', 'placebo')",placebo
773,NCT02576509,"('KG00239303', 'KG00239304')",KG00239303
774,NCT00183092,"('placebo', 'KG00322649')",placebo
775,NCT01474239,"('KG00300305', 'KG00300304')",KG00300304
776,NCT01968213,"('placebo', 'KG00144474')",KG00144474
777,NCT01964430,"('KG00144527', 'KG00144526')",KG00144526
778,NCT01966471,"('KG00144597', 'KG00144598')",KG00144597
779,NCT00636610,"('KG00214885', 'KG00214884')",KG00214885
780,NCT00636168,"('KG00214915', 'placebo')",KG00214915
781,NCT00632203,"('placebo', 'KG00215056')",KG00215056
782,NCT00638690,"('placebo', 'KG00215393')",KG00215393
783,NCT01984242,"('KG00294328', 'KG00294330')",KG00294328
784,NCT01982955,"('KG00294373', 'KG00294378')",KG00294378
785,NCT03069352,"('KG00210389', 'KG00210390')",KG00210389
786,NCT00110994,"('KG00242506', 'KG00242507')",KG00242506
787,NCT00113607,"('KG00242574', 'KG00242573')",KG00242574
788,NCT00111007,"('KG00242941', 'KG00242942')",KG00242942
789,NCT00111839,"('KG00243024', 'KG00243025')",KG00243025
790,NCT01357161,"('KG00169525', 'KG00169523')",KG00169523
791,NCT01358734,"('KG00169600', 'KG00169601')",KG00169601
792,NCT01358734,"('KG00169600', 'KG00169599')",KG00169600
793,NCT01358734,"('KG00169601', 'KG00169599')",KG00169601
794,NCT01351415,"('KG00169851', 'KG00169850')",KG00169850
795,NCT01358877,"('KG00169928', 'KG00169927')",KG00169928
796,NCT02228681,"('KG00301044', 'KG00301045')",KG00301044
797,NCT01327885,"('KG00241606', 'KG00241605')",KG00241605
798,NCT01321554,"('placebo', 'KG00241697')",KG00241697
799,NCT02250326,"('KG00211919', 'KG00211918')",KG00211919
800,NCT02594163,"('KG00197746', 'KG00197747')",KG00197747
801,NCT00167544,"('placebo', 'KG00168304')",placebo
802,NCT02343939,"('KG00178167', 'KG00178163')",KG00178167
803,NCT02343939,"('KG00178167', 'KG00178165')",KG00178165
804,NCT02343939,"('KG00178163', 'KG00178165')",KG00178165
805,NCT02340221,"('KG00178254', 'KG00178253')",KG00178253
806,NCT02347332,"('KG00178332', 'KG00178331')",KG00178331
807,NCT02343406,"('KG00178600', 'KG00178598')",KG00178598
808,NCT02343406,"('KG00178600', 'KG00178599')",KG00178600
809,NCT02343406,"('KG00178598', 'KG00178599')",KG00178598
810,NCT01231581,"('KG00252838', 'KG00252837')",KG00252837
811,NCT01237327,"('KG00252897', 'KG00252896')",KG00252897
812,NCT01232452,"('KG00253047', 'KG00253046')",KG00253046
813,NCT01232296,"('KG00253085', 'KG00253086')",KG00253086
814,NCT01234337,"('KG00253126', 'KG00253125')",KG00253125
815,NCT00079274,"('KG00135654', 'KG00135655')",KG00135654
816,NCT00075764,"('KG00135708', 'KG00135709')",KG00135709
817,NCT00074412,"('placebo', 'KG00135767')",placebo
818,NCT00075803,"('KG00135835', 'KG00135836')",KG00135836
819,NCT00075218,"('placebo', 'KG00135857')",KG00135857
820,NCT00070499,"('KG00135923', 'KG00135925')",KG00135925
821,NCT00073307,"('placebo', 'KG00136012')",KG00136012
822,NCT02990338,"('KG00258445', 'KG00258446')",KG00258446
823,NCT00006392,"('placebo', 'KG00249791')",placebo
824,NCT00005047,"('placebo', 'KG00250184')",KG00250184
825,NCT00003782,"('KG00250261', 'KG00250260')",KG00250260
826,NCT00004859,"('KG00250368', 'KG00250369')",KG00250369
827,NCT00003869,"('placebo', 'KG00250528')",KG00250528
828,NCT00004124,"('KG00250918', 'KG00250920')",KG00250918
829,NCT00009945,"('placebo', 'KG00250948')",KG00250948
830,NCT00008385,"('placebo', 'KG00251239')",placebo
831,NCT00009737,"('KG00251588', 'KG00251587')",KG00251587
832,NCT01890746,"('KG00307113', 'placebo')",KG00307113
833,NCT01584648,"('KG00150593', 'KG00150594')",KG00150593
834,NCT02337491,"('KG00314258', 'KG00314257')",KG00314258
835,NCT01246986,"('KG00134221', 'KG00134222')",KG00134221
836,NCT01242748,"('KG00134338', 'KG00134339')",KG00134338
837,NCT01244191,"('KG00134626', 'KG00134627')",KG00134626
838,NCT01246063,"('KG00134688', 'KG00134692')",KG00134688
839,NCT01874353,"('placebo', 'KG00160911')",KG00160911
840,NCT01876784,"('placebo', 'KG00161286')",KG00161286
841,NCT02908672,"('KG00284116', 'KG00284115')",KG00284115
842,NCT01564537,"('KG00315746', 'KG00315745')",KG00315745
843,NCT01569295,"('KG00315902', 'KG00315903')",KG00315902
844,NCT01565538,"('KG00316031', 'KG00316030')",KG00316030
845,NCT01560416,"('KG00316061', 'KG00316060')",KG00316060
846,NCT01568866,"('KG00316148', 'KG00316147')",KG00316148
847,NCT00722137,"('KG00175487', 'KG00175486')",KG00175487
848,NCT00729586,"('KG00175590', 'KG00175591')",KG00175590
849,NCT00720941,"('KG00175615', 'KG00175614')",KG00175614
850,NCT00753675,"('KG00316773', 'KG00316771')",KG00316773
851,NCT00752206,"('placebo', 'KG00316777')",KG00316777
852,NCT00751036,"('KG00316795', 'KG00316796')",KG00316796
853,NCT00754325,"('KG00317048', 'KG00317049')",KG00317049
854,NCT00753688,"('placebo', 'KG00317108')",KG00317108
855,NCT00753545,"('placebo', 'KG00317300')",KG00317300
856,NCT00095199,"('KG00280070', 'KG00280071')",KG00280070
857,NCT00091442,"('KG00280088', 'KG00280089')",KG00280089
858,NCT00093795,"('KG00280120', 'KG00280121')",KG00280120
859,NCT00093795,"('KG00280120', 'KG00280119')",KG00280120
860,NCT00093795,"('KG00280121', 'KG00280119')",KG00280121
861,NCT00094809,"('placebo', 'KG00280207')",KG00280207
862,NCT00094497,"('KG00280374', 'KG00280375')",KG00280374
863,NCT00091572,"('KG00280399', 'KG00280400')",KG00280399
864,NCT00097981,"('KG00280430', 'KG00280431')",KG00280430
865,NCT00096993,"('KG00280438', 'KG00280439')",KG00280439
866,NCT00096265,"('KG00280506', 'KG00280505')",KG00280505
867,NCT00090051,"('KG00280597', 'KG00280596')",KG00280597
868,NCT00095875,"('KG00280635', 'KG00280634')",KG00280635
869,NCT01808573,"('KG00224448', 'KG00224449')",KG00224448
870,NCT01806259,"('placebo', 'KG00224487')",placebo
871,NCT01802385,"('placebo', 'KG00224704')",placebo
872,NCT01512745,"('KG00177198', 'placebo')",KG00177198
873,NCT00910910,"('KG00277502', 'KG00277503')",KG00277502
874,NCT00915603,"('KG00277672', 'KG00277673')",KG00277672
875,NCT00918385,"('KG00277853', 'KG00277852')",KG00277852
876,NCT00911859,"('KG00278009', 'KG00278008')",KG00278008
877,NCT00402779,"('KG00219738', 'placebo')",KG00219738
878,NCT00408005,"('KG00219976', 'KG00219975')",KG00219976
879,NCT00409006,"('KG00220004', 'KG00220005')",KG00220004
880,NCT00402051,"('KG00220045', 'KG00220046')",KG00220045
881,NCT00400764,"('KG00220190', 'KG00220188')",KG00220188
882,NCT00405938,"('KG00220263', 'KG00220262')",KG00220262
883,NCT00406393,"('KG00220353', 'KG00220354')",KG00220354
884,NCT00400179,"('KG00220361', 'KG00220360')",KG00220361
885,NCT01646125,"('KG00289851', 'KG00289852')",KG00289852
886,NCT01646021,"('KG00290208', 'KG00290209')",KG00290208
887,NCT01649947,"('KG00290211', 'KG00290212')",KG00290212
888,NCT01640808,"('KG00290254', 'placebo')",KG00290254
889,NCT01639001,"('KG00222847', 'KG00222848')",KG00222847
890,NCT01632306,"('KG00222850', 'KG00222849')",KG00222850
891,NCT01633060,"('KG00222868', 'KG00222869')",KG00222868
892,NCT02743221,"('KG00244571', 'KG00244570')",KG00244570
893,NCT02748213,"('KG00244578', 'KG00244579')",KG00244579
894,NCT02747004,"('KG00244597', 'KG00244596')",KG00244596
895,NCT00967330,"('KG00136672', 'KG00136671')",KG00136671
896,NCT00479089,"('KG00292248', 'KG00292249')",KG00292248
897,NCT00473889,"('KG00292271', 'KG00292270')",KG00292271
898,NCT00474786,"('KG00292609', 'KG00292608')",KG00292609
899,NCT00471146,"('KG00292659', 'KG00292658')",KG00292658
900,NCT00358579,"('KG00164514', 'KG00164513')",KG00164514
901,NCT00356525,"('KG00164611', 'KG00164610')",KG00164610
902,NCT00356525,"('KG00164611', 'KG00164612')",KG00164612
903,NCT00356525,"('KG00164610', 'KG00164612')",KG00164610
904,NCT00358501,"('placebo', 'KG00164729')",KG00164729
905,NCT00350025,"('KG00164762', 'KG00164763')",KG00164763
906,NCT00984282,"('KG00302284', 'placebo')",KG00302284
907,NCT00986440,"('placebo', 'KG00302357')",KG00302357
908,NCT00493636,"('KG00149001', 'KG00149000')",KG00149000
909,NCT00494221,"('placebo', 'KG00149082')",KG00149082
910,NCT00490646,"('KG00149123', 'KG00149124')",KG00149123
911,NCT00499655,"('KG00149281', 'KG00149282')",KG00149282
912,NCT00492752,"('placebo', 'KG00149410')",KG00149410
913,NCT01111058,"('placebo', 'KG00248350')",KG00248350
914,NCT01160211,"('KG00163087', 'KG00163088')",KG00163088
915,NCT02012192,"('KG00296454', 'KG00296453')",KG00296454
916,NCT03256136,"('KG00217637', 'KG00217635')",KG00217637
917,NCT00324155,"('KG00246559', 'KG00246560')",KG00246559
918,NCT00326599,"('KG00246642', 'KG00246643')",KG00246642
919,NCT00320541,"('KG00246733', 'KG00246734')",KG00246734
920,NCT00321906,"('KG00246870', 'KG00246871')",KG00246871
921,NCT00322452,"('KG00247016', 'KG00247015')",KG00247016
